#timestamp [ns],w_RS_S_x [rad s^-1],w_RS_S_y [rad s^-1],w_RS_S_z [rad s^-1],a_RS_S_x [m s^-2],a_RS_S_y [m s^-2],a_RS_S_z [m s^-2]
1743278596795269888,0.0,0.0,0.0,0.15349444297951081,9.800152018715728,-0.45946190802257786
1743278596799810048,-0.00106529693584889,-0.00426118774339557,0.00106529693584889,0.152983739972115,9.8059944516806,-0.45393945512275596
1743278596804809984,0.0,-0.012783563695848,0.00213059387169778,0.152983739972115,9.824241904235787,-0.44785690774173986
1743278596809819904,-0.00213059387169778,-0.00852237548679113,-0.003195890923962,0.152983739972115,9.842525030334498,-0.44176246905600214
1743278596814820096,0.003195890923962,-0.00426118774339557,0.0,0.152983739972115,9.844179555494176,-0.439828246831894
1743278596819820032,0.00426118774339557,-0.00852237548679113,-0.00639178184792399,0.152983739972115,9.838097655797572,-0.439828246831894
1743278596824819968,0.003195890923962,-0.00745707890018821,-0.00745707890018821,0.152983739972115,9.8320154660862,-0.439828246831894
1743278596829819904,0.00106529693584889,-0.00106529693584889,-0.00532648479565978,0.152983739972115,9.82920551300049,-0.439828246831894
1743278596834830080,-0.00106529693584889,-0.003195890923962,-0.00213059387169778,0.152983739972115,9.82920551300049,-0.439828246831894
1743278596839830016,0.0,-0.00426118774339557,-0.003195890923962,0.152983739972115,9.82920551300049,-0.439828246831894
1743278596844829952,0.003195890923962,-0.00852237548679113,-0.003195890923962,0.152983739972115,9.831601905027243,-0.44222474343413115
1743278596849829888,-0.003195890923962,-0.00213059387169778,-0.00852237548679113,0.152983739972115,9.837683804723849,-0.44830690853706184
1743278596854830080,0.00213059387169778,-0.00106529693584889,-0.00532648479565978,0.152983739972115,9.84376599443522,-0.4543893636674162
1743278596859840000,0.0,-0.003195890923962,-0.00745707890018821,0.152983739972115,9.84832763671875,-0.458951205015182
1743278596864839936,-0.00213059387169778,0.0,-0.00532648479565978,0.152983739972115,9.84832763671875,-0.458951205015182
1743278596869839872,0.00106529693584889,-0.00426118774339557,-0.00852237548679113,0.152983739972115,9.84832763671875,-0.458951205015182
1743278596874840064,-0.00213059387169778,0.00213059387169778,0.0,0.152983739972115,9.847682924111814,-0.458951205015182
1743278596879840000,-0.003195890923962,-0.00852237548679113,-0.00106529693584889,0.152983739972115,9.841600932172971,-0.458951205015182
1743278596884849920,0.00745707890018821,-0.00745707890018821,-0.003195890923962,0.152983739972115,9.835506469409975,-0.458951205015182
1743278596889849856,0.00106529693584889,-0.00745707890018821,-0.00532648479565978,0.152983739972115,9.829424477471132,-0.458951205015182
1743278596894850048,-0.00106529693584889,-0.00745707890018821,-0.00106529693584889,0.152983739972115,9.82920551300049,-0.458951205015182
1743278596899849984,0.0,-0.00639178184792399,-0.003195890923962,0.152983739972115,9.82920551300049,-0.458951205015182
1743278596904849920,0.00532648479565978,-0.00532648479565978,-0.003195890923962,0.152983739972115,9.82920551300049,-0.458951205015182
1743278596909859840,0.003195890923962,-0.00426118774339557,0.0,0.152983739972115,9.834192682586124,-0.45396381779584416
1743278596914860032,-0.003195890923962,-0.00426118774339557,-0.00852237548679113,0.152983739972115,9.840274964544133,-0.44788127041482806
1743278596919859968,0.00426118774339557,-0.00532648479565978,-0.00426118774339557,0.152983739972115,9.846356956482975,-0.4417990130656344
1743278596924859904,0.00213059387169778,-0.00958767253905535,0.0,0.15709545875826006,9.844216097354925,-0.44393996561803906
1743278596929860096,-0.00106529693584889,-0.00639178184792399,-0.00213059387169778,0.16317791388861444,9.838133907643552,-0.45002242074839344
1743278596934870016,-0.00213059387169778,-0.00852237548679113,-0.00532648479565978,0.1692722601433415,9.832039827326698,-0.45611676700312054
1743278596939870208,-0.00106529693584889,0.0,-0.00213059387169778,0.172106698155403,9.83245137003215,-0.4557052063384716
1743278596944869888,0.00106529693584889,-0.00745707890018821,-0.00532648479565978,0.172106698155403,9.838529490204571,-0.44962682092465855
1743278596949870080,0.00106529693584889,-0.00426118774339557,-0.00532648479565978,0.172106698155403,9.844607900211534,-0.4435481456636558
1743278596954870016,-0.00213059387169778,-0.00745707890018821,-0.00426118774339557,0.16974674500855513,9.845967786552746,-0.44218819997874187
1743278596959880192,-0.00106529693584889,-0.00532648479565978,-0.003195890923962,0.16365210872640432,9.839873416221124,-0.44828283626089266
1743278596964879872,0.00106529693584889,-0.00426118774339557,-0.00426118774339557,0.15756994362347365,9.833791516524519,-0.45436500136382335
1743278596969880064,0.00213059387169778,-0.00639178184792399,-0.003195890923962,0.152983739972115,9.82920551300049,-0.45745588336386056
1743278596974880000,-0.003195890923962,-0.00213059387169778,-0.003195890923962,0.152983739972115,9.82920551300049,-0.45137749795004745
1743278596979880192,0.0,-0.00958767253905535,-0.00426118774339557,0.152983739972115,9.82920551300049,-0.44529882268904475
1743278596984879872,0.0,-0.00852237548679113,-0.00639178184792399,0.152983739972115,9.82920551300049,-0.4404364435636311
1743278596989890048,0.00213059387169778,-0.003195890923962,-0.00426118774339557,0.152983739972115,9.82920551300049,-0.44653117228119127
1743278596994889984,-0.00213059387169778,-0.00532648479565978,-0.00213059387169778,0.152983739972115,9.82920551300049,-0.4526134296303849
1743278596999890176,0.0,-0.00213059387169778,-0.00532648479565978,0.152983739972115,9.82920551300049,-0.458695977011401
1743278597004889856,-0.00213059387169778,-0.003195890923962,-0.003195890923962,0.15880697159617246,9.835028490517255,-0.45312797339112454
1743278597009900032,0.00213059387169778,-0.00852237548679113,0.00213059387169778,0.16489772812137996,9.841118981261234,-0.447037216865917
1743278597014899968,-0.00106529693584889,-0.00213059387169778,-0.003195890923962,0.17097602140633883,9.84719700930882,-0.4409589235809581
1743278597019900160,0.00213059387169778,-0.00532648479565978,-0.003195890923962,0.16715556491387495,9.843376719528917,-0.444779380073422
1743278597024899840,-0.00213059387169778,-0.00639178184792399,0.00106529693584889,0.16107330756468133,9.837294727590075,-0.45086163742261565
1743278597029900032,0.00106529693584889,-0.003195890923962,-0.003195890923962,0.15499076018366523,9.831212445632067,-0.45694418480363175
1743278597034899968,-0.00213059387169778,-0.00745707890018821,-0.003195890923962,0.152983739972115,9.82920551300049,-0.4508060427485319
1743278597039910144,0.00213059387169778,-0.00639178184792399,-0.00639178184792399,0.152983739972115,9.82920551300049,-0.4386245296981166
1743278597044910080,-0.003195890923962,-0.00745707890018821,-0.00639178184792399,0.152983739972115,9.82920551300049,-0.4264679431281985
1743278597049910016,0.0,-0.003195890923962,-0.00213059387169778,0.152983739972115,9.82920551300049,-0.4271039707161227
1743278597054909952,0.00106529693584889,-0.00426118774339557,-0.00532648479565978,0.152983739972115,9.82920551300049,-0.43926848541451025
1743278597059910144,-0.00106529693584889,-0.00852237548679113,0.0,0.152983739972115,9.82920551300049,-0.4514335801765428
1743278597064920064,0.003195890923962,-0.003195890923962,-0.00426118774339557,0.152983739972115,9.82920551300049,-0.458951205015182
1743278597069920000,-0.003195890923962,-0.00532648479565978,-0.003195890923962,0.152983739972115,9.82920551300049,-0.458951205015182
1743278597074919936,-0.00213059387169778,-0.00532648479565978,-0.00106529693584889,0.152983739972115,9.82920551300049,-0.458951205015182
1743278597079920128,0.00106529693584889,-0.00426118774339557,-0.00639178184792399,0.152983739972115,9.830664250248489,-0.458951205015182
1743278597084919808,0.00213059387169778,-0.00532648479565978,-0.00106529693584889,0.152983739972115,9.836742370420911,-0.458951205015182
1743278597089929984,-0.00106529693584889,-0.00426118774339557,-0.00745707890018821,0.152983739972115,9.84283295347862,-0.458951205015182
1743278597094929920,0.00213059387169778,-0.00639178184792399,-0.003195890923962,0.152983739972115,9.84832763671875,-0.458951205015182
1743278597099930112,0.00213059387169778,-0.00639178184792399,-0.00106529693584889,0.152983739972115,9.84832763671875,-0.458951205015182
1743278597104930048,-0.00106529693584889,-0.00532648479565978,-0.00213059387169778,0.152983739972115,9.84832763671875,-0.458951205015182
1743278597109929984,0.0,-0.00426118774339557,-0.00213059387169778,0.152983739972115,9.84832763671875,-0.458951205015182
1743278597114939904,0.00106529693584889,-0.00532648479565978,-0.00213059387169778,0.152983739972115,9.842529004934473,-0.458951205015182
1743278597119940096,-0.00213059387169778,-0.00745707890018821,0.0,0.152983739972115,9.836450687056738,-0.458951205015182
1743278597124940032,0.00106529693584889,-0.003195890923962,-0.00639178184792399,0.152983739972115,9.830372659009152,-0.458951205015182
1743278597129939968,-0.00106529693584889,-0.00213059387169778,-0.00213059387169778,0.152983739972115,9.82920551300049,-0.463865794247078
1743278597134939904,0.003195890923962,-0.00106529693584889,0.00106529693584889,0.152983739972115,9.82920551300049,-0.46994805159627195
1743278597139950080,0.00213059387169778,-0.00532648479565978,-0.003195890923962,0.152983739972115,9.82920551300049,-0.4760427803138325
1743278597144950016,-0.00106529693584889,-0.003195890923962,-0.00532648479565978,0.152983739972115,9.825154674721244,-0.4740233501713079
1743278597149949952,0.00106529693584889,-0.00213059387169778,-0.00426118774339557,0.152983739972115,9.81907218167389,-0.4679408950409532
1743278597154949888,0.0,-0.00639178184792399,-0.00213059387169778,0.152983739972115,9.81298997865577,-0.46185872993802224
1743278597159950080,0.0,-0.00852237548679113,0.0,0.152983739972115,9.816428231299682,-0.4557782478302594
1743278597164960000,0.00106529693584889,-0.0117182666435838,-0.00426118774339557,0.152983739972115,9.828609121486146,-0.4496876888344817
1743278597169959936,0.00426118774339557,-0.00532648479565978,-0.00213059387169778,0.152983739972115,9.840766244647545,-0.4436090135734789
1743278597174959872,0.003195890923962,-0.00426118774339557,-0.00426118774339557,0.1552827873599807,9.846028689653995,-0.439828246831894
1743278597179960064,-0.00213059387169778,-0.00426118774339557,-0.00532648479565978,0.16136524249033507,9.839946499942622,-0.439828246831894
1743278597184960000,0.0,-0.00106529693584889,-0.00426118774339557,0.1674474075932657,9.833864600246017,-0.439828246831894
1743278597189969920,-0.00106529693584889,-0.00426118774339557,-0.00213059387169778,0.1706722444139047,9.830639904146993,-0.4412627005733923
1743278597194969856,-0.00106529693584889,-0.00745707890018821,-0.003195890923962,0.1645938590000916,9.836718024319413,-0.4473410859872054
1743278597199970048,0.00106529693584889,-0.0106529695913196,-0.00426118774339557,0.15851518373908888,9.842796434326376,-0.4534197612482081
1743278597204969984,0.003195890923962,-0.00532648479565978,0.0,0.152983739972115,9.847780378851816,-0.4584039232666135
1743278597209969920,0.0,-0.00532648479565978,-0.00852237548679113,0.152983739972115,9.841698189140443,-0.4523214681362591
1743278597214979840,0.00106529693584889,-0.00213059387169778,-0.00213059387169778,0.152983739972115,9.835604108823588,-0.446227121881532
1743278597219980032,0.00106529693584889,-0.00426118774339557,-0.003195890923962,0.152983739972115,9.829521919112215,-0.44014466675117764
1743278597224980224,0.003195890923962,-0.00426118774339557,-0.00532648479565978,0.152983739972115,9.83496771352254,-0.439828246831894
1743278597229979904,-0.00106529693584889,-0.00426118774339557,-0.00106529693584889,0.152983739972115,9.84104583369496,-0.439828246831894
1743278597234980096,0.00213059387169778,-0.00532648479565978,-0.00639178184792399,0.152983739972115,9.847124243701922,-0.439828246831894
1743278597239990016,0.00213059387169778,-0.00532648479565978,-0.00532648479565978,0.1578522577882716,9.843459331349214,-0.4446967646480506
1743278597244990208,0.00106529693584889,0.0,-0.00532648479565978,0.1639078034641174,9.837404049918108,-0.4507523103238964
1743278597249989888,0.0,-0.00106529693584889,-0.00426118774339557,0.1699630603956529,9.831349057218711,-0.45680756725543187
1743278597254990080,-0.00106529693584889,-0.00639178184792399,-0.00639178184792399,0.16817984843024256,9.82920551300049,-0.458951205015182
1743278597259990016,0.003195890923962,-0.00532648479565978,0.00213059387169778,0.16210146301642947,9.82920551300049,-0.458951205015182
1743278597265059840,0.00213059387169778,-0.00745707890018821,-0.00532648479565978,0.155937862528864,9.82920551300049,-0.458951205015182
1743278597270070016,0.00106529693584889,-0.00213059387169778,-0.00532648479565978,0.152983739972115,9.82920551300049,-0.458951205015182
1743278597275069952,0.00213059387169778,-0.00639178184792399,-0.00213059387169778,0.152983739972115,9.82920551300049,-0.458951205015182
1743278597280070144,0.00426118774339557,-0.00426118774339557,-0.00532648479565978,0.152983739972115,9.82920551300049,-0.458951205015182
1743278597285069824,0.00106529693584889,-0.00639178184792399,-0.003195890923962,0.152983739972115,9.831466512259707,-0.4612123029415164
1743278597290070016,0.00106529693584889,-0.00852237548679113,-0.003195890923962,0.152983739972115,9.83754492226667,-0.4672909782025194
1743278597295079936,0.003195890923962,-0.003195890923962,-0.00532648479565978,0.152983739972115,9.843635215489838,-0.47338153719829745
1743278597300080128,0.00106529693584889,0.00213059387169778,-0.00213059387169778,0.152983739972115,9.846940786098886,-0.47668725205821944
1743278597305080064,-0.00106529693584889,-0.00426118774339557,-0.003195890923962,0.152983739972115,9.840858886402282,-0.47060508695528847
1743278597310080000,0.00639178184792399,-0.00852237548679113,0.00213059387169778,0.152983739972115,9.83477669669091,-0.46452263182493375
1743278597315079936,0.003195890923962,-0.00745707890018821,-0.00639178184792399,0.152983739972115,9.829716236752542,-0.458951205015182
1743278597320090112,-0.00106529693584889,-0.00958767253905535,-0.003195890923962,0.152983739972115,9.835810699515541,-0.458951205015182
1743278597325090048,0.00426118774339557,-0.00426118774339557,-0.00213059387169778,0.152983739972115,9.841892691454383,-0.458951205015182
1743278597330089984,0.003195890923962,-0.00106529693584889,-0.00639178184792399,0.152983739972115,9.847974973412391,-0.458951205015182
1743278597335089920,-0.00106529693584889,-0.00639178184792399,-0.00426118774339557,0.152983739972115,9.84832763671875,-0.458951205015182
1743278597340090112,0.0,-0.00639178184792399,-0.00213059387169778,0.152983739972115,9.84832763671875,-0.458951205015182
1743278597345100032,0.00426118774339557,-0.00426118774339557,-0.003195890923962,0.152983739972115,9.84832763671875,-0.458951205015182
1743278597350099968,0.00106529693584889,-0.00745707890018821,0.0,0.152983739972115,9.84832763671875,-0.4541006122966582
1743278597355099904,0.00106529693584889,-0.00213059387169778,-0.00426118774339557,0.152983739972115,9.84832763671875,-0.4480222268828451
1743278597360100096,0.00213059387169778,-0.00426118774339557,-0.00106529693584889,0.152983739972115,9.84832763671875,-0.4419435516218424
1743278597365100032,0.00106529693584889,-0.00426118774339557,-0.00213059387169778,0.1490181348633682,9.844362204656388,-0.4437938519406406
1743278597370109952,-0.003195890923962,-0.00213059387169778,-0.00213059387169778,0.1429234061458077,9.83826774189339,-0.44988858065820075
1743278597375109888,-0.00213059387169778,-0.00639178184792399,-0.00213059387169778,0.13684114879661374,9.832185749954547,-0.4559708380073944
1743278597380110080,0.0,-0.00639178184792399,-0.00426118774339557,0.13696291511298553,9.82920551300049,-0.458951205015182
1743278597385110016,0.00213059387169778,-0.00639178184792399,-0.003195890923962,0.1430450802159165,9.82920551300049,-0.458951205015182
1743278597390109952,0.00213059387169778,-0.00745707890018821,0.003195890923962,0.1491275353462712,9.82920551300049,-0.458951205015182
1743278597395119872,-0.003195890923962,-0.00426118774339557,-0.00745707890018821,0.152983739972115,9.831442166158212,-0.458951205015182
1743278597400120064,0.00106529693584889,-0.00745707890018821,-0.00213059387169778,0.152983739972115,9.837520576165174,-0.458951205015182
1743278597405120000,0.0,-0.00426118774339557,0.0,0.152983739972115,9.843598696337594,-0.458951205015182
1743278597410119936,0.0,-0.00213059387169778,-0.003195890923962,0.152983739972115,9.84562867107357,-0.458951205015182
1743278597415119872,0.00106529693584889,-0.00106529693584889,-0.00852237548679113,0.152983739972115,9.83347231184997,-0.458951205015182
1743278597420130048,-0.00106529693584889,-0.00213059387169778,0.00106529693584889,0.152983739972115,9.821291026612036,-0.458951205015182
1743278597425129984,-0.00213059387169778,-0.003195890923962,-0.00213059387169778,0.152983739972115,9.810556640593758,-0.45847700298542987
1743278597430129920,-0.003195890923962,-0.00745707890018821,-0.00532648479565978,0.152983739972115,9.816639225892347,-0.45239445560441377
1743278597435129856,-0.00106529693584889,0.0,-0.00639178184792399,0.152983739972115,9.822721521157305,-0.4463121982552201
1743278597440130048,0.0,-0.00958767253905535,-0.00426118774339557,0.152983739972115,9.828804106455895,-0.440229650874204
1743278597445139968,0.003195890923962,-0.003195890923962,-0.00532648479565978,0.152983739972115,9.82920551300049,-0.4455175710839782
1743278597450139904,0.00213059387169778,-0.00852237548679113,-0.00426118774339557,0.152983739972115,9.82920551300049,-0.45159615421173355
1743278597455140096,0.00426118774339557,-0.00639178184792399,-0.00532648479565978,0.152983739972115,9.82920551300049,-0.45767473733948894
1743278597460140032,0.0,-0.00213059387169778,-0.00532648479565978,0.152983739972115,9.82920551300049,-0.45414624781218305
1743278597465140224,0.00106529693584889,-0.00958767253905535,-0.00639178184792399,0.152983739972115,9.82920551300049,-0.44806370043116694
1743278597470139904,0.00213059387169778,-0.00852237548679113,-0.00426118774339557,0.152983739972115,9.82920551300049,-0.4419814430819733
1743278597475150080,-0.00213059387169778,-0.00532648479565978,-0.003195890923962,0.152983739972115,9.82920551300049,-0.439828246831894
1743278597480150016,0.00213059387169778,-0.00106529693584889,-0.00532648479565978,0.152983739972115,9.82920551300049,-0.439828246831894
1743278597485150208,0.0,0.0,-0.00213059387169778,0.152983739972115,9.82920551300049,-0.439828246831894
1743278597490149888,-0.003195890923962,-0.00639178184792399,-0.00426118774339557,0.152983739972115,9.82920551300049,-0.4428816555488676
1743278597495150080,-0.00106529693584889,-0.00532648479565978,-0.00852237548679113,0.152983739972115,9.82920551300049,-0.448964110679222
1743278597500160000,0.00213059387169778,-0.003195890923962,-0.00213059387169778,0.152983739972115,9.82920551300049,-0.4550584569339491
1743278597505160192,-0.00213059387169778,-0.003195890923962,-0.00745707890018821,0.152983739972115,9.83139376378976,-0.46113955129691825
1743278597510159872,-0.00213059387169778,-0.003195890923962,0.0,0.152983739972115,9.83747188396218,-0.4672179367107317
1743278597515160064,-0.00426118774339557,-0.00639178184792399,-0.00639178184792399,0.152983739972115,9.843550293969143,-0.4732966119717347
1743278597520160000,-0.00532648479565978,-0.00639178184792399,-0.003195890923962,0.15428538304979145,9.84832763671875,-0.4767725201207945
1743278597525170176,-0.00106529693584889,-0.00639178184792399,-0.00532648479565978,0.16038001933194226,9.84832763671875,-0.47067788383864334
1743278597530169856,0.00213059387169778,-0.00426118774339557,-0.00213059387169778,0.16646218443487293,9.84832763671875,-0.46459571873571237
1743278597535170048,0.003195890923962,-0.0117182666435838,-0.00106529693584889,0.17123135964270852,9.847889986560896,-0.45851353575883474
1743278597540169984,0.00106529693584889,-0.00532648479565978,0.0,0.15907458881508202,9.841811866388475,-0.4524351503450217
1743278597545170176,0.0,-0.00745707890018821,0.0,0.14691723829307624,9.835733456381513,-0.44635647508401893
1743278597550179840,0.00213059387169778,-0.00852237548679113,0.00106529693584889,0.1347361203015205,9.829643163158345,-0.4402659160882412
1743278597555180032,0.0,-0.003195890923962,-0.00426118774339557,0.13950529550935636,9.82920551300049,-0.4454727605524241
1743278597560179968,0.0,-0.00745707890018821,-0.00852237548679113,0.14558746061228736,9.82920551300049,-0.4515549256553547
1743278597565180160,0.0,-0.00426118774339557,-0.00426118774339557,0.15166991574264205,9.82920551300049,-0.4576373807857091
1743278597570179840,0.0,-0.00958767253905535,0.0,0.14821836232734334,9.82920551300049,-0.458951205015182
1743278597575190016,0.0,-0.00106529693584889,-0.00426118774339557,0.1421275134843757,9.82920551300049,-0.458951205015182
1743278597580189952,0.00213059387169778,0.0,-0.003195890923962,0.13604912807056227,9.82920551300049,-0.458951205015182
1743278597585190144,-0.00213059387169778,0.0,-0.003195890923962,0.1377535889101307,9.82920551300049,-0.4550583978938775
1743278597590189824,0.0,-0.00426118774339557,0.0,0.14383584625932466,9.82920551300049,-0.4489761405446838
1743278597595190016,-0.00106529693584889,-0.00852237548679113,-0.00426118774339557,0.1499183936403411,9.82920551300049,-0.4428935931636677
1743278597600199936,0.003195890923962,-0.00639178184792399,-0.003195890923962,0.15601085813854057,9.832232499073115,-0.439828246831894
1743278597605200128,-0.00426118774339557,-0.003195890923962,-0.003195890923962,0.16208944126629593,9.83831081695085,-0.439828246831894
1743278597610199808,0.00106529693584889,-0.00426118774339557,0.0,0.16816773455125483,9.844388844998436,-0.439828246831894
1743278597615200000,0.00213059387169778,-0.00852237548679113,-0.00639178184792399,0.16996568324186775,9.84618671523229,-0.439828246831894
1743278597620199936,0.0,-0.00213059387169778,-0.00426118774339557,0.16388342589267413,9.840104723293448,-0.439828246831894
1743278597625210112,0.0,-0.00639178184792399,-0.00213059387169778,0.15778869717511396,9.83401026053045,-0.439828246831894
1743278597630210048,0.0,-0.00852237548679113,0.00106529693584889,0.152983739972115,9.830481924975196,-0.44110471450758704
1743278597635209984,0.0,-0.00213059387169778,-0.00532648479565978,0.152983739972115,9.836560242852933,-0.4471832976353424
1743278597640209920,-0.00106529693584889,-0.003195890923962,-0.003195890923962,0.152983739972115,9.842638270900519,-0.45326159092030127
1743278597645210112,0.00213059387169778,-0.00426118774339557,-0.00532648479565978,0.152983739972115,9.84832763671875,-0.45934042772094796
1743278597650220032,-0.00426118774339557,-0.00106529693584889,-0.00213059387169778,0.152983739972115,9.84832763671875,-0.465434866406686
1743278597655219968,-0.00106529693584889,-0.00213059387169778,-0.00532648479565978,0.152983739972115,9.84832763671875,-0.47151741378770246
1743278597660219904,0.0,-0.00213059387169778,-0.00426118774339557,0.152983739972115,9.84832763671875,-0.4775996711368964
1743278597665220096,0.0,-0.00745707890018821,-0.00852237548679113,0.152983739972115,9.842723480964226,-0.478074163198471
1743278597670219776,0.0,-0.00106529693584889,-0.00426118774339557,0.152983739972115,9.836645452916638,-0.478074163198471
1743278597675229952,-0.00106529693584889,-0.00639178184792399,-0.00532648479565978,0.152983739972115,9.83055496217266,-0.478074163198471
1743278597680229888,0.00106529693584889,-0.00426118774339557,-0.00426118774339557,0.152983739972115,9.82920551300049,-0.46861042483100196
1743278597685230080,0.003195890923962,-0.00532648479565978,-0.00639178184792399,0.152983739972115,9.82920551300049,-0.4564453300689694
1743278597690230016,0.003195890923962,-0.00958767253905535,-0.003195890923962,0.152983739972115,9.82920551300049,-0.44428081537058184
1743278597695229952,-0.00213059387169778,-0.00106529693584889,-0.00532648479565978,0.152983739972115,9.82920551300049,-0.4436820550652667
1743278597700239872,-0.00106529693584889,-0.003195890923962,-0.003195890923962,0.152983739972115,9.82920551300049,-0.4497726140610444
1743278597705240064,-0.00106529693584889,-0.00213059387169778,0.00106529693584889,0.152983739972115,9.82920551300049,-0.45585128932204716
1743278597710240000,0.00106529693584889,-0.00745707890018821,-0.003195890923962,0.152983739972115,9.82920551300049,-0.4559727804385649
1743278597715239936,-0.00106529693584889,-0.00213059387169778,-0.00532648479565978,0.152983739972115,9.82920551300049,-0.4498941973108095
1743278597720240128,0.0,-0.00426118774339557,-0.003195890923962,0.152983739972115,9.82920551300049,-0.44381561418305415
1743278597725250048,-0.00106529693584889,-0.00213059387169778,-0.003195890923962,0.152983739972115,9.831309892071982,-0.439828246831894
1743278597730249984,0.0,-0.003195890923962,-0.00106529693584889,0.152983739972115,9.837391884010824,-0.439828246831894
1743278597735249920,-0.00532648479565978,-0.00852237548679113,-0.00745707890018821,0.152983739972115,9.843474165968832,-0.439828246831894
1743278597740250112,0.00213059387169778,-0.0106529695913196,-0.00106529693584889,0.152983739972115,9.847102726852485,-0.4410532101516598
1743278597745250048,-0.00106529693584889,-0.00532648479565978,-0.00639178184792399,0.152983739972115,9.841040044576003,-0.4471161569958442
1743278597750260224,0.00106529693584889,-0.00745707890018821,-0.00426118774339557,0.152983739972115,9.834964931068873,-0.45319153561315817
1743278597755259904,-0.00106529693584889,0.00213059387169778,-0.00532648479565978,0.152983739972115,9.82920551300049,-0.458951205015182
1743278597760260096,-0.00213059387169778,-0.00426118774339557,-0.003195890923962,0.152983739972115,9.82920551300049,-0.458951205015182
1743278597765299968,0.003195890923962,-0.00213059387169778,0.00106529693584889,0.152983739972115,9.82920551300049,-0.458951205015182
1743278597770299904,0.00106529693584889,-0.00639178184792399,-0.00532648479565978,0.152983739972115,9.82920551300049,-0.458951205015182
1743278597775300096,-0.00106529693584889,-0.00426118774339557,-0.00106529693584889,0.152983739972115,9.8347524195773,-0.45340405637846093
1743278597780310016,0.00106529693584889,-0.00426118774339557,-0.00213059387169778,0.152983739972115,9.840846592321132,-0.4473096176927232
1743278597785309952,0.0,-0.00213059387169778,-0.00213059387169778,0.152983739972115,9.846928874279142,-0.4412270703117071
1743278597790309888,0.00106529693584889,-0.00639178184792399,-0.00426118774339557,0.152983739972115,9.84364745947816,-0.44450862830943516
1743278597795310080,0.00213059387169778,-0.00852237548679113,-0.00426118774339557,0.152983739972115,9.837569141600424,-0.45058721143719055
1743278597800310016,0.0,-0.00852237548679113,-0.00532648479565978,0.152983739972115,9.831491113552836,-0.45666550472214945
1743278597805319936,0.00213059387169778,-0.00426118774339557,-0.003195890923962,0.152983739972115,9.833010460862944,-0.458951205015182
1743278597810319872,0.00106529693584889,-0.00532648479565978,0.0,0.152983739972115,9.839088581035366,-0.458951205015182
1743278597815320064,0.00213059387169778,-0.00426118774339557,-0.00213059387169778,0.152983739972115,9.845166991042328,-0.458951205015182
1743278597820320000,0.00106529693584889,-0.00426118774339557,0.0,0.152983739972115,9.845408348065561,-0.458951205015182
1743278597825319936,0.00106529693584889,-0.00426118774339557,-0.00532648479565978,0.152983739972115,9.839326158354188,-0.458951205015182
1743278597830329856,-0.00106529693584889,-0.00426118774339557,-0.00213059387169778,0.152983739972115,9.833232078037334,-0.458951205015182
1743278597835330048,0.00106529693584889,-0.003195890923962,-0.00213059387169778,0.152983739972115,9.82920551300049,-0.4610056418953074
1743278597840329984,0.003195890923962,-0.00532648479565978,0.0,0.152983739972115,9.82920551300049,-0.4670840273091208
1743278597845329920,-0.003195890923962,-0.00532648479565978,-0.003195890923962,0.152983739972115,9.82920551300049,-0.4731627025701238
1743278597850330112,0.0,-0.00958767253905535,-0.003195890923962,0.152983739972115,9.82920551300049,-0.4769069485658151
1743278597855340032,-0.00213059387169778,-0.00532648479565978,-0.00532648479565978,0.152983739972115,9.82920551300049,-0.4708163895700371
1743278597860340224,0.00106529693584889,-0.00532648479565978,0.0,0.152983739972115,9.82920551300049,-0.46473771430903404
1743278597865339904,0.003195890923962,-0.00745707890018821,-0.00532648479565978,0.152983739972115,9.829497557871717,-0.4586591473994912
1743278597870340096,0.003195890923962,-0.00426118774339557,-0.00852237548679113,0.152983739972115,9.835579747583088,-0.4525766922691368
1743278597875340032,0.003195890923962,-0.00745707890018821,-0.00213059387169778,0.152983739972115,9.841661647279693,-0.4464945271662062
1743278597880350208,0.003195890923962,-0.00639178184792399,-0.00426118774339557,0.152983739972115,9.847756017611315,-0.44039989088405535
1743278597885349888,-0.00106529693584889,-0.00852237548679113,-0.00426118774339557,0.152983739972115,9.842820780427873,-0.4453353434349386
1743278597890350080,0.00106529693584889,-0.00532648479565978,-0.00426118774339557,0.152983739972115,9.836742370420911,-0.45141401869594133
1743278597895350016,0.00426118774339557,-0.003195890923962,-0.00958767253905535,0.152983739972115,9.830664250248489,-0.45749240410975445
1743278597900350208,0.0,-0.00106529693584889,-0.003195890923962,0.152983739972115,9.82920551300049,-0.4635739521219302
1743278597905359872,0.0,-0.003195890923962,-0.00639178184792399,0.152983739972115,9.82920551300049,-0.46966829837665763
1743278597910360064,0.0,-0.00852237548679113,-0.003195890923962,0.152983739972115,9.82920551300049,-0.47575075350701235
1743278597915360000,-0.00213059387169778,-0.00426118774339557,-0.003195890923962,0.152983739972115,9.82920551300049,-0.47431774362081514
1743278597920360192,-0.00106529693584889,-0.00532648479565978,-0.00106529693584889,0.152983739972115,9.82920551300049,-0.46823906835981205
1743278597925359872,0.003195890923962,-0.00639178184792399,-0.00426118774339557,0.152983739972115,9.82920551300049,-0.46216068294599866
1743278597930370048,-0.00213059387169778,-0.00639178184792399,-0.00532648479565978,0.152983739972115,9.82920551300049,-0.458951205015182
1743278597935369984,0.00213059387169778,-0.00426118774339557,-0.00106529693584889,0.152983739972115,9.82920551300049,-0.458951205015182
1743278597940370176,-0.00106529693584889,-0.00639178184792399,-0.003195890923962,0.152983739972115,9.82920551300049,-0.458951205015182
1743278597945369856,-0.00106529693584889,-0.003195890923962,-0.00639178184792399,0.15097799741984813,9.831211168028537,-0.45493971991064835
1743278597950370048,0.003195890923962,-0.00745707890018821,-0.00426118774339557,0.14489932215884507,9.837289578035499,-0.44278236938864257
1743278597955369984,0.00106529693584889,-0.00532648479565978,-0.00426118774339557,0.13882093674503165,9.843367698207919,-0.43062559856101607
1743278597960380160,0.00106529693584889,-0.00745707890018821,-0.00213059387169778,0.13499219592831413,9.84832763671875,-0.42296811692758124
1743278597965379840,0.00106529693584889,-0.00426118774339557,-0.00213059387169778,0.14107445327750806,9.84832763671875,-0.43513263162596877
1743278597970380032,0.00213059387169778,-0.003195890923962,-0.00639178184792399,0.1471570006585245,9.84832763671875,-0.4472977263880013
1743278597975379968,0.0,-0.00426118774339557,-0.00426118774339557,0.152983739972115,9.84807229635778,-0.45869585351148406
1743278597980390144,0.00426118774339557,-0.00745707890018821,0.00106529693584889,0.152983739972115,9.8419818056138,-0.4526050969862766
1743278597985389824,0.00106529693584889,-0.00639178184792399,-0.003195890923962,0.152983739972115,9.835903777566212,-0.4465268037013177
1743278597990390016,0.00426118774339557,-0.00958767253905535,-0.00426118774339557,0.152983739972115,9.829825459688477,-0.4404482205735623
1743278597995389952,0.00213059387169778,-0.00532648479565978,-0.00213059387169778,0.152983739972115,9.82920551300049,-0.439828246831894
1743278598000390144,-0.00213059387169778,-0.00426118774339557,-0.00532648479565978,0.152983739972115,9.82920551300049,-0.439828246831894
1743278598005400064,0.003195890923962,-0.0106529695913196,-0.00213059387169778,0.152983739972115,9.82920551300049,-0.439828246831894
1743278598010400000,0.00213059387169778,-0.00745707890018821,0.0,0.152983739972115,9.833800770007523,-0.44901916190824
1743278598015399936,-0.003195890923962,-0.00213059387169778,-0.00532648479565978,0.152983739972115,9.83987879805511,-0.46117574847815807
1743278598020400128,0.00106529693584889,-0.00532648479565978,-0.00639178184792399,0.152983739972115,9.845957115932846,-0.4733329147336691
1743278598025399808,0.0,-0.00106529693584889,-0.00426118774339557,0.152983739972115,9.84832763671875,-0.478074163198471
1743278598030400000,0.003195890923962,-0.00532648479565978,0.003195890923962,0.152983739972115,9.84832763671875,-0.478074163198471
1743278598035409920,0.00213059387169778,-0.00852237548679113,-0.00213059387169778,0.152983739972115,9.84832763671875,-0.478074163198471
1743278598040410112,0.0,-0.003195890923962,-0.00532648479565978,0.152983739972115,9.84832763671875,-0.4723845491035902
1743278598045409792,0.00213059387169778,-0.00532648479565978,-0.00106529693584889,0.152983739972115,9.84832763671875,-0.46022796253367204
1743278598050409984,0.0,-0.00745707890018821,-0.00106529693584889,0.152983739972115,9.84832763671875,-0.448070796278161
1743278598055409920,0.00106529693584889,-0.00532648479565978,-0.00639178184792399,0.152983739972115,9.84832763671875,-0.439828246831894
1743278598060420096,-0.00213059387169778,-0.00639178184792399,-0.00532648479565978,0.152983739972115,9.84832763671875,-0.439828246831894
1743278598065420032,0.00106529693584889,-0.003195890923962,-0.00106529693584889,0.152983739972115,9.84832763671875,-0.439828246831894
1743278598070419968,0.00106529693584889,-0.003195890923962,-0.00213059387169778,0.152983739972115,9.847245684374863,-0.44199224594970093
1743278598075419904,-0.00426118774339557,-0.00213059387169778,-0.00639178184792399,0.152983739972115,9.841167564202443,-0.45414901677732744
1743278598080430080,-0.003195890923962,0.00213059387169778,-0.00639178184792399,0.152983739972115,9.835076981144732,-0.46633071446326246
1743278598085430016,-0.00106529693584889,-0.003195890923962,0.00426118774339557,0.152983739972115,9.829619084372174,-0.478074163198471
1743278598090429952,0.00213059387169778,-0.0106529695913196,-0.00639178184792399,0.152983739972115,9.8417837671309,-0.478074163198471
1743278598095429888,0.003195890923962,-0.003195890923962,-0.003195890923962,0.152983739972115,9.853947869845625,-0.478074163198471
1743278598100430080,0.00106529693584889,-0.003195890923962,-0.00106529693584889,0.152983739972115,9.866112552604351,-0.478074163198471
1743278598105429760,0.00213059387169778,-0.00852237548679113,-0.00106529693584889,0.152983739972115,9.856631500555904,-0.4726644552511431
1743278598110439936,0.0,-0.0117182666435838,-0.00745707890018821,0.152983739972115,9.844450030685904,-0.4665736064081754
1743278598115439872,0.0,-0.00745707890018821,-0.003195890923962,0.152983739972115,9.832293487208043,-0.460495220994362
1743278598120440064,0.0,-0.00745707890018821,-0.00426118774339557,0.152983739972115,9.83374279404352,-0.458951205015182
1743278598125440000,0.00532648479565978,-0.00532648479565978,-0.003195890923962,0.152983739972115,9.839824693740125,-0.458951205015182
1743278598130439936,0.00213059387169778,-0.00745707890018821,-0.003195890923962,0.152983739972115,9.845906883451498,-0.458951205015182
1743278598135449856,-0.00213059387169778,-0.00532648479565978,-0.00426118774339557,0.152983739972115,9.84832763671875,-0.45528000051127865
1743278598140450048,0.0,-0.00958767253905535,-0.003195890923962,0.152983739972115,9.84832763671875,-0.44920132525027595
1743278598145450240,0.00106529693584889,-0.00639178184792399,-0.00532648479565978,0.152983739972115,9.84832763671875,-0.4431226499892732
1743278598150449920,-0.00426118774339557,-0.00426118774339557,-0.00426118774339557,0.15019802656723913,9.845542044873541,-0.4426139602367697
1743278598155450112,-0.00106529693584889,-0.003195890923962,-0.00532648479565978,0.14411557143688442,9.839459855162168,-0.44869641536712407
1743278598160460032,0.00213059387169778,-0.00639178184792399,-0.003195890923962,0.138021225182157,9.833365774845314,-0.45479076162185117
1743278598165460224,0.00213059387169778,-0.003195890923962,-0.00106529693584889,0.13578159911453014,9.83112624650784,-0.45703038768947796
1743278598170459904,0.00106529693584889,-0.00639178184792399,-0.00106529693584889,0.14185998452834356,9.837204366680261,-0.45095200227566484
1743278598175460096,-0.003195890923962,-0.00745707890018821,-0.00639178184792399,0.1479386597893466,9.843282776687223,-0.44487332701466215
1743278598180460032,-0.003195890923962,-0.0106529695913196,-0.00426118774339557,0.152983739972115,9.847293718390489,-0.439828246831894
1743278598185470208,0.00213059387169778,-0.00639178184792399,-0.003195890923962,0.152983739972115,9.84119925562749,-0.439828246831894
1743278598190469888,0.0,-0.003195890923962,-0.00426118774339557,0.152983739972115,9.835117263688648,-0.439828246831894
1743278598195470080,0.00106529693584889,-0.00426118774339557,-0.003195890923962,0.152983739972115,9.82920551300049,-0.4399986743962236
1743278598200470016,-0.00106529693584889,-0.00745707890018821,0.00213059387169778,0.152983739972115,9.82920551300049,-0.44607696768118243
1743278598205470208,0.0,-0.00639178184792399,-0.00532648479565978,0.152983739972115,9.82920551300049,-0.4521555508089378
1743278598210479872,0.00213059387169778,-0.00426118774339557,-0.003195890923962,0.152983739972115,9.82920551300049,-0.45824601749134886
1743278598215480064,0.0,-0.00745707890018821,-0.003195890923962,0.152983739972115,9.834582178326617,-0.45357430505825574
1743278598220480000,-0.003195890923962,-0.00106529693584889,-0.00532648479565978,0.152983739972115,9.840664170265459,-0.4474920477090621
1743278598225480192,0.00213059387169778,-0.00532648479565978,-0.00426118774339557,0.152983739972115,9.846746452223467,-0.441409500328046
1743278598230479872,0.00532648479565978,-0.003195890923962,-0.00426118774339557,0.152983739972115,9.84832763671875,-0.44432631719044996
1743278598235490048,0.00106529693584889,-0.00426118774339557,-0.00639178184792399,0.152983739972115,9.84832763671875,-0.4504170737156574
1743278598240489984,0.00106529693584889,-0.00426118774339557,-0.00106529693584889,0.152983739972115,9.84832763671875,-0.4564953670006163
1743278598245490176,0.00106529693584889,-0.00745707890018821,-0.003195890923962,0.152983739972115,9.84832763671875,-0.4625648034418409
1743278598250489856,0.00213059387169778,-0.00426118774339557,-0.003195890923962,0.152983739972115,9.84832763671875,-0.46862775028602566
1743278598255490048,0.00106529693584889,-0.00213059387169778,-0.00532648479565978,0.152983739972115,9.84832763671875,-0.4746909862412134
1743278598260499968,0.003195890923962,-0.00426118774339557,-0.00426118774339557,0.152983739972115,9.84562726826028,-0.4753736768993749
1743278598265539840,0.0,-0.00639178184792399,-0.00213059387169778,0.152983739972115,9.839496553101482,-0.46924269420400455
1743278598270550016,-0.00106529693584889,-0.00106529693584889,-0.00639178184792399,0.152983739972115,9.833402090338483,-0.46314796548644405
1743278598275549952,-0.00213059387169778,-0.00639178184792399,-0.00426118774339557,0.152983739972115,9.83108969879694,-0.458951205015182
1743278598280549888,0.00106529693584889,-0.00532648479565978,-0.00106529693584889,0.152983739972115,9.837168016674676,-0.458951205015182
1743278598285550080,-0.00106529693584889,0.0,-0.00426118774339557,0.152983739972115,9.843246334552411,-0.458951205015182
1743278598290560000,0.0,-0.00426118774339557,-0.003195890923962,0.152983739972115,9.847318080000466,-0.45794160424113484
1743278598295559936,0.0,-0.00106529693584889,-0.00639178184792399,0.152983739972115,9.841236088061624,-0.4518593468919412
1743278598300559872,0.0,-0.00213059387169778,-0.00213059387169778,0.152983739972115,9.835153806103616,-0.4457767995109251
1743278598305560064,-0.00106529693584889,-0.00426118774339557,-0.003195890923962,0.152983739972115,9.82920551300049,-0.43996215420386725
1743278598310560000,0.00106529693584889,-0.00426118774339557,-0.00426118774339557,0.152983739972115,9.82920551300049,-0.4460404474888261
1743278598315560192,-0.00106529693584889,-0.00426118774339557,-0.00426118774339557,0.152983739972115,9.82920551300049,-0.4521190306165815
1743278598320570112,0.0,-0.00745707890018821,-0.00639178184792399,0.152983739972115,9.82920551300049,-0.4582094972989925
1743278598325570048,-0.00106529693584889,-0.00532648479565978,-0.00426118774339557,0.158324095919409,9.834545635911649,-0.458951205015182
1743278598330569984,-0.00213059387169778,-0.00639178184792399,-0.00213059387169778,0.16440635326860262,9.840627627850491,-0.458951205015182
1743278598335570176,0.00213059387169778,-0.00639178184792399,-0.00426118774339557,0.17048890064961872,9.8467099098085,-0.458951205015182
1743278598340569856,0.00106529693584889,-0.003195890923962,-0.00106529693584889,0.16764508036536796,9.843866213619513,-0.45448958722514693
1743278598345580032,0.00639178184792399,-0.003195890923962,-0.00426118774339557,0.16155423152240062,9.837775630561804,-0.4483987383821796
1743278598350579968,0.00213059387169778,-0.00532648479565978,-0.00106529693584889,0.1554758461085875,9.831697510389382,-0.44232035296836647
1743278598355580160,-0.00106529693584889,0.003195890923962,-0.00106529693584889,0.14939722520848497,9.82920551300049,-0.44341476159552384
1743278598360579840,-0.00213059387169778,-0.00106529693584889,-0.00426118774339557,0.14331893192352577,9.82920551300049,-0.4494930548804827
1743278598365580032,0.00106529693584889,-0.00426118774339557,-0.003195890923962,0.13724034879577007,9.82920551300049,-0.4555716380082381
1743278598370589952,0.0,-0.00426118774339557,-0.00426118774339557,0.13657172255347225,9.83191633546831,-0.4616621457798283
1743278598375590144,-0.00106529693584889,-0.00213059387169778,-0.00106529693584889,0.1426503978144753,9.837994745475273,-0.4677408210408313
1743278598380590080,0.003195890923962,-0.00213059387169778,-0.00852237548679113,0.14872878322828872,9.844072865647693,-0.4738192064546447
1743278598385590016,0.00106529693584889,-0.00213059387169778,0.00213059387169778,0.152983739972115,9.84650402542337,-0.4762504723230257
1743278598390589952,-0.00213059387169778,-0.00532648479565978,-0.00213059387169778,0.152983739972115,9.840425997375783,-0.4701721790380665
1743278598395600128,0.00213059387169778,-0.003195890923962,-0.003195890923962,0.152983739972115,9.834335506631804,-0.4640814225128587
1743278598400600064,-0.00106529693584889,-0.00745707890018821,-0.00852237548679113,0.152983739972115,9.82920551300049,-0.4580025109238553
1743278598405600000,0.00106529693584889,-0.00426118774339557,-0.003195890923962,0.152983739972115,9.82920551300049,-0.4519199635428392
1743278598410599936,-0.00106529693584889,-0.00532648479565978,0.00106529693584889,0.152983739972115,9.82920551300049,-0.44583770619364554
1743278598415600128,-0.00106529693584889,-0.00639178184792399,-0.00532648479565978,0.152983739972115,9.829278551304979,-0.43990128832368175
1743278598420610048,0.00426118774339557,-0.00213059387169778,0.00106529693584889,0.152983739972115,9.835368844528148,-0.44599184731945946
1743278598425609984,0.00426118774339557,-0.00958767253905535,-0.00532648479565978,0.152983739972115,9.841447254535112,-0.4520705225804622
1743278598430609920,0.0,-0.00426118774339557,-0.00426118774339557,0.152983739972115,9.847525374707532,-0.45814890799427527
1743278598435610112,0.003195890923962,-0.003195890923962,-0.00426118774339557,0.152983739972115,9.84304820788479,-0.458951205015182
1743278598440610048,0.0,-0.003195890923962,-0.00106529693584889,0.152983739972115,9.836966308188185,-0.458951205015182
1743278598445619968,-0.003195890923962,-0.00745707890018821,-0.00639178184792399,0.152983739972115,9.830871937856562,-0.458951205015182
1743278598450619904,0.00106529693584889,-0.00106529693584889,-0.00213059387169778,0.15739666343429154,9.82920551300049,-0.458951205015182
1743278598455620096,-0.00106529693584889,-0.00532648479565978,-0.003195890923962,0.16347533869529426,9.82920551300049,-0.458951205015182
1743278598460620032,0.00213059387169778,-0.00639178184792399,-0.003195890923962,0.16955372410910735,9.82920551300049,-0.458951205015182
1743278598465619968,0.003195890923962,-0.00745707890018821,-0.003195890923962,0.16857880457321578,9.82920551300049,-0.45542331143299475
1743278598470629888,0.0,-0.0138488598167896,-0.00106529693584889,0.16248445831848868,9.82920551300049,-0.44932896517826765
1743278598475630080,0.003195890923962,-0.00426118774339557,-0.00639178184792399,0.1564020031881343,9.82920551300049,-0.44324651004791327
1743278598480630016,0.003195890923962,-0.003195890923962,0.0,0.152983739972115,9.831867643265317,-0.4424904932686816
1743278598485629952,0.00106529693584889,-0.003195890923962,-0.00426118774339557,0.152983739972115,9.83794605327228,-0.4485691685296843
1743278598490629888,-0.003195890923962,0.00106529693584889,-0.00106529693584889,0.152983739972115,9.8440241734447,-0.45464755394349743
1743278598495640064,0.0,-0.00426118774339557,-0.00958767253905535,0.152983739972115,9.846539405660181,-0.4571628959204955
1743278598500640000,-0.003195890923962,-0.00426118774339557,-0.003195890923962,0.152983739972115,9.840457505963576,-0.45108073081756483
1743278598505639936,0.0,-0.003195890923962,-0.00106529693584889,0.152983739972115,9.834375316252203,-0.44499827568721045
1743278598510639872,0.003195890923962,-0.00745707890018821,-0.003195890923962,0.152983739972115,9.82920551300049,-0.44073981624329267
1743278598515640064,0.0,-0.00639178184792399,-0.00639178184792399,0.152983739972115,9.82920551300049,-0.4468184915042954
1743278598520649984,0.00213059387169778,-0.00213059387169778,0.0,0.152983739972115,9.82920551300049,-0.45290905050007313
1743278598525649920,0.0,-0.00532648479565978,-0.003195890923962,0.152983739972115,9.82924205486124,-0.458951205015182
1743278598530649856,0.0,-0.00745707890018821,-0.00106529693584889,0.152983739972115,9.835323954557843,-0.458951205015182
1743278598535650048,0.00106529693584889,-0.00426118774339557,-0.003195890923962,0.152983739972115,9.841406144269216,-0.458951205015182
1743278598540649984,0.00106529693584889,-0.0106529695913196,-0.00426118774339557,0.152983739972115,9.847488043965821,-0.458951205015182
1743278598545659904,0.003195890923962,-0.00639178184792399,-0.00639178184792399,0.152983739972115,9.843076124659044,-0.45369946378620485
1743278598550659840,0.0,-0.003195890923962,0.00106529693584889,0.152983739972115,9.836998004486624,-0.44762107837239173
1743278598555660032,0.003195890923962,-0.00852237548679113,-0.00426118774339557,0.152983739972115,9.830919594479662,-0.44154240311138904
1743278598560659968,0.0,-0.003195890923962,-0.00426118774339557,0.152983739972115,9.833572331589167,-0.439828246831894
1743278598565659904,0.003195890923962,-0.00426118774339557,0.00106529693584889,0.152983739972115,9.839654613547175,-0.439828246831894
1743278598570669824,0.00213059387169778,-0.00639178184792399,-0.00213059387169778,0.152983739972115,9.845748786291008,-0.439828246831894
1743278598575670016,0.00213059387169778,-0.00426118774339557,-0.003195890923962,0.152983739972115,9.84832763671875,-0.439828246831894
1743278598580670208,0.0,-0.00426118774339557,-0.00213059387169778,0.152983739972115,9.84832763671875,-0.439828246831894
1743278598585669888,0.00106529693584889,-0.00639178184792399,-0.00426118774339557,0.152983739972115,9.84832763671875,-0.439828246831894
1743278598590670080,0.00213059387169778,-0.00426118774339557,-0.00958767253905535,0.152983739972115,9.845713908822374,-0.4424420887880127
1743278598595680000,0.003195890923962,-0.00426118774339557,0.00106529693584889,0.152983739972115,9.839623615599205,-0.4485326477837905
1743278598600680192,0.0,-0.0106529695913196,0.0,0.152983739972115,9.833545205592243,-0.4546113230447932
1743278598605679872,-0.00426118774339557,-0.00745707890018821,-0.00532648479565978,0.152983739972115,9.82920551300049,-0.4572127279219016
1743278598610680064,0.0,-0.00426118774339557,-0.00213059387169778,0.152983739972115,9.82920551300049,-0.4511341447941462
1743278598615680000,0.00213059387169778,-0.00426118774339557,-0.00426118774339557,0.152983739972115,9.82920551300049,-0.4450558515091873
1743278598620690176,0.0,-0.00639178184792399,-0.00639178184792399,0.152983739972115,9.83006864026545,-0.439828246831894
1743278598625689856,0.00106529693584889,-0.0106529695913196,0.00106529693584889,0.152983739972115,9.83614676043787,-0.439828246831894
1743278598630690048,0.00213059387169778,-0.00426118774339557,-0.00745707890018821,0.152983739972115,9.842225170444832,-0.439828246831894
1743278598635689984,0.0,-0.0117182666435838,-0.00106529693584889,0.152983739972115,9.848303290617254,-0.439828246831894
1743278598640690176,0.0,-0.00106529693584889,-0.00532648479565978,0.152983739972115,9.83621149389709,-0.439828246831894
1743278598645700096,0.00213059387169778,-0.00532648479565978,-0.00426118774339557,0.152983739972115,9.82402284447582,-0.439828246831894
1743278598650700032,0.00639178184792399,-0.003195890923962,0.0,0.152983739972115,9.811857977219223,-0.439828246831894
1743278598655699968,0.00213059387169778,-0.00426118774339557,0.0,0.152983739972115,9.815273552453192,-0.439828246831894
1743278598660700160,-0.00213059387169778,-0.00532648479565978,-0.00532648479565978,0.152983739972115,9.821352173473807,-0.439828246831894
1743278598665699840,0.00106529693584889,-0.00532648479565978,-0.00532648479565978,0.152983739972115,9.82743050464982,-0.439828246831894
1743278598670710016,0.00106529693584889,-0.00426118774339557,-0.00745707890018821,0.152983739972115,9.833523898388377,-0.439828246831894
1743278598675709952,0.0,-0.003195890923962,-0.003195890923962,0.152983739972115,9.839605890327219,-0.439828246831894
1743278598680710144,-0.00106529693584889,-0.00426118774339557,-0.00106529693584889,0.152983739972115,9.845688172285227,-0.439828246831894
1743278598685710080,-0.003195890923962,-0.00426118774339557,-0.003195890923962,0.14954330597791035,9.844887352854135,-0.44326868082609844
1743278598690710016,0.0,-0.003195890923962,-0.00532648479565978,0.14346472285015466,9.838809034976398,-0.4493472639538538
1743278598695719936,0.00213059387169778,-0.003195890923962,-0.00106529693584889,0.13737425616774332,9.832718834062568,-0.45543773063626486
1743278598700720128,0.00106529693584889,-0.00426118774339557,-0.00532648479565978,0.13642756341775958,9.82920551300049,-0.458951205015182
1743278598705720064,0.0,-0.00639178184792399,-0.003195890923962,0.14250982076695354,9.82920551300049,-0.458951205015182
1743278598710720000,0.0,-0.00745707890018821,-0.00639178184792399,0.14859236814796997,9.82920551300049,-0.458951205015182
1743278598715719936,-0.00106529693584889,-0.003195890923962,-0.00532648479565978,0.152983739972115,9.830895222767188,-0.458951205015182
1743278598720730112,-0.00213059387169778,-0.00213059387169778,-0.00426118774339557,0.152983739972115,9.836985713511167,-0.458951205015182
1743278598725730048,-0.00106529693584889,-0.00745707890018821,-0.00852237548679113,0.152983739972115,9.843063741558755,-0.458951205015182
1743278598730729984,0.00106529693584889,-0.00213059387169778,-0.00745707890018821,0.152983739972115,9.84751268286113,-0.458951205015182
1743278598735729920,0.00106529693584889,-0.0106529695913196,0.0,0.152983739972115,9.841430690922287,-0.458951205015182
1743278598740730112,-0.00213059387169778,-0.00426118774339557,-0.00106529693584889,0.152983739972115,9.835348408964279,-0.458951205015182
1743278598745740032,-0.00213059387169778,-0.00532648479565978,-0.00745707890018821,0.152983739972115,9.829254236220448,-0.458951205015182
1743278598750739968,0.00106529693584889,-0.00958767253905535,-0.00213059387169778,0.146957595253324,9.82920551300049,-0.458951205015182
1743278598755739904,0.00106529693584889,-0.00958767253905535,-0.00426118774339557,0.14088307684831697,9.82920551300049,-0.458951205015182
1743278598760740096,-0.003195890923962,-0.00745707890018821,-0.00426118774339557,0.13480826878051821,9.82920551300049,-0.458951205015182
1743278598765760000,0.0,-0.00639178184792399,-0.00213059387169778,0.13901534608140692,9.82920551300049,-0.458951205015182
1743278598770759936,0.00532648479565978,-0.00532648479565978,-0.00532648479565978,0.14509392920916261,9.82920551300049,-0.458951205015182
1743278598775759872,0.0,-0.00639178184792399,-0.00106529693584889,0.15117222249412182,9.82920551300049,-0.458951205015182
1743278598780760064,0.003195890923962,-0.00639178184792399,0.00106529693584889,0.152983739972115,9.82920551300049,-0.458951205015182
1743278598785769984,0.00213059387169778,-0.00426118774339557,-0.003195890923962,0.152983739972115,9.82920551300049,-0.458951205015182
1743278598790770176,0.0,-0.00639178184792399,-0.00532648479565978,0.152983739972115,9.82920551300049,-0.458951205015182
1743278598795769856,0.00639178184792399,-0.00852237548679113,-0.00426118774339557,0.152983739972115,9.82920551300049,-0.458951205015182
1743278598800770048,0.0,-0.00213059387169778,-0.00426118774339557,0.152983739972115,9.82920551300049,-0.458951205015182
1743278598805769984,-0.00213059387169778,-0.00639178184792399,-0.00426118774339557,0.152983739972115,9.82920551300049,-0.458951205015182
1743278598810780160,0.00426118774339557,-0.00532648479565978,-0.003195890923962,0.152983739972115,9.82920551300049,-0.458951205015182
1743278598815779840,0.0,-0.00852237548679113,-0.003195890923962,0.152983739972115,9.82920551300049,-0.458951205015182
1743278598820780032,0.00106529693584889,-0.00745707890018821,-0.003195890923962,0.152983739972115,9.82920551300049,-0.458951205015182
1743278598825779968,0.0,-0.00426118774339557,-0.00426118774339557,0.152983739972115,9.82920551300049,-0.45730906974205277
1743278598830779904,0.0,-0.00639178184792399,-0.00426118774339557,0.152983739972115,9.82920551300049,-0.4512266146116984
1743278598835789824,0.00106529693584889,-0.00426118774339557,-0.00852237548679113,0.152983739972115,9.82920551300049,-0.4451322683569713
1743278598840790016,0.003195890923962,-0.00532648479565978,-0.00106529693584889,0.152983739972115,9.82920551300049,-0.439828246831894
1743278598845789952,0.00106529693584889,-0.00532648479565978,-0.003195890923962,0.152983739972115,9.82920551300049,-0.439828246831894
1743278598850790144,0.00106529693584889,-0.00639178184792399,-0.00106529693584889,0.152983739972115,9.82920551300049,-0.439828246831894
1743278598855789824,0.003195890923962,-0.00958767253905535,-0.00532648479565978,0.152983739972115,9.82920551300049,-0.439828246831894
1743278598860800000,-0.003195890923962,-0.00426118774339557,0.00106529693584889,0.152983739972115,9.835190348518584,-0.439828246831894
1743278598865799936,0.00213059387169778,-0.003195890923962,-0.00426118774339557,0.152983739972115,9.841272340457426,-0.439828246831894
1743278598870800128,0.00426118774339557,-0.00532648479565978,0.0,0.152983739972115,9.847354622415436,-0.439828246831894
1743278598875799808,0.003195890923962,-0.00745707890018821,-0.00213059387169778,0.152983739972115,9.838116086288016,-0.439828246831894
1743278598880800000,0.003195890923962,-0.00532648479565978,-0.00852237548679113,0.152983739972115,9.825959147389664,-0.439828246831894
1743278598885809920,0.00106529693584889,-0.003195890923962,-0.00106529693584889,0.152983739972115,9.813778441826482,-0.439828246831894
1743278598890810112,0.00213059387169778,-0.00213059387169778,-0.00745707890018821,0.152983739972115,9.814313071560713,-0.44405885641179077
1743278598895809792,-0.00106529693584889,-0.003195890923962,-0.00639178184792399,0.152983739972115,9.820391494866154,-0.4501372418256039
1743278598900809984,0.003195890923962,-0.00532648479565978,-0.00106529693584889,0.152983739972115,9.826470208020591,-0.45621591708660664
1743278598905810176,0.0,-0.00745707890018821,-0.00532648479565978,0.152983739972115,9.82920551300049,-0.458951205015182
1743278598910820096,0.00213059387169778,-0.003195890923962,0.003195890923962,0.152983739972115,9.82920551300049,-0.458951205015182
1743278598915819776,0.0,-0.00639178184792399,-0.00639178184792399,0.152983739972115,9.82920551300049,-0.458951205015182
1743278598920819968,-0.00213059387169778,-0.00532648479565978,0.0,0.152983739972115,9.82920551300049,-0.458951205015182
1743278598925820160,0.003195890923962,-0.00426118774339557,-0.00532648479565978,0.152983739972115,9.82920551300049,-0.458951205015182
1743278598930820096,0.0,-0.00426118774339557,-0.003195890923962,0.152983739972115,9.82920551300049,-0.458951205015182
1743278598935830016,0.003195890923962,-0.00426118774339557,-0.003195890923962,0.152983739972115,9.830810326857469,-0.458951205015182
1743278598940829952,0.00106529693584889,-0.00213059387169778,-0.00426118774339557,0.152983739972115,9.836888447029889,-0.458951205015182
1743278598945830144,-0.003195890923962,-0.003195890923962,-0.003195890923962,0.152983739972115,9.842966857036851,-0.458951205015182
1743278598950830080,0.00106529693584889,-0.003195890923962,-0.00213059387169778,0.152983739972115,9.847609850168318,-0.45966902288890066
1743278598955830016,0.00532648479565978,-0.00532648479565978,-0.00426118774339557,0.152983739972115,9.841527660456945,-0.46575147801925537
1743278598960829952,0.0,-0.003195890923962,-0.00639178184792399,0.152983739972115,9.835445760760342,-0.47183364312218634
1743278598965840128,0.00213059387169778,-0.00532648479565978,-0.00426118774339557,0.152983739972115,9.82935139042872,-0.47792827940433746
1743278598970840064,0.0,-0.00426118774339557,-0.00426118774339557,0.152983739972115,9.82920551300049,-0.4662089786436162
1743278598975840000,0.00213059387169778,-0.00426118774339557,-0.003195890923962,0.152983739972115,9.82920551300049,-0.45405162812161043
1743278598980839936,0.00106529693584889,-0.00958767253905535,-0.00213059387169778,0.152983739972115,9.82920551300049,-0.4418948572939839
1743278598985850112,0.0,-0.00852237548679113,-0.00426118774339557,0.14792305145554246,9.834265980684723,-0.439828246831894
1743278598990850048,-0.00213059387169778,-0.00532648479565978,-0.00745707890018821,0.1418408863526115,9.840347880381328,-0.439828246831894
1743278598995849984,0.00213059387169778,-0.00745707890018821,-0.00426118774339557,0.13575843122225678,9.846430070092701,-0.439828246831894
1743278599000849920,-0.00213059387169778,0.00213059387169778,-0.00532648479565978,0.13804269704086453,9.84832763671875,-0.4440101620839323
1743278599005850112,-0.00106529693584889,-0.00426118774339557,-0.00213059387169778,0.14412137230186756,9.84832763671875,-0.45008883734493504
1743278599010860032,0.0,-0.00639178184792399,-0.00426118774339557,0.1502119312976456,9.84832763671875,-0.45617939634071275
1743278599015859968,0.0,-0.00532648479565978,-0.00426118774339557,0.152983739972115,9.845020964552667,-0.458951205015182
1743278599020859904,0.003195890923962,-0.003195890923962,-0.00213059387169778,0.152983739972115,9.838942936505081,-0.458951205015182
1743278599025860096,0.00213059387169778,-0.00426118774339557,-0.00639178184792399,0.152983739972115,9.832864618627346,-0.458951205015182
1743278599030860032,-0.00213059387169778,-0.00532648479565978,-0.00426118774339557,0.15056467532743012,9.82920551300049,-0.4565321403704972
1743278599035859968,0.00106529693584889,-0.00106529693584889,0.0,0.14448600006642706,9.82920551300049,-0.4504534651094945
1743278599040869888,-0.003195890923962,-0.00852237548679113,-0.00639178184792399,0.13839544107064902,9.82920551300049,-0.44436290611371676
1743278599045870080,0.00106529693584889,-0.00213059387169778,-0.003195890923962,0.13540578130716827,9.830750445099971,-0.44137324635023617
1743278599050870016,-0.00106529693584889,-0.00213059387169778,-0.00106529693584889,0.14148803865636222,9.836832437038813,-0.4474555036994298
1743278599055869952,0.003195890923962,-0.00639178184792399,-0.00426118774339557,0.14757058603737866,9.842914718996822,-0.4535380510804459
1743278599060869888,0.0,-0.003195890923962,-0.00426118774339557,0.152983739972115,9.84832763671875,-0.458951205015182
1743278599065880064,0.00213059387169778,-0.00745707890018821,0.0,0.152983739972115,9.84832763671875,-0.458951205015182
1743278599070880000,0.003195890923962,-0.00852237548679113,-0.00532648479565978,0.152983739972115,9.84832763671875,-0.458951205015182
1743278599075879936,0.00639178184792399,-0.00532648479565978,-0.00639178184792399,0.152983739972115,9.84832763671875,-0.458951205015182
1743278599080879872,0.00213059387169778,-0.00852237548679113,-0.003195890923962,0.152983739972115,9.842456168574508,-0.45307948064757786
1743278599085880064,0.003195890923962,-0.00639178184792399,-0.00532648479565978,0.152983739972115,9.836377758567545,-0.44700080538657516
1743278599090889984,0.00106529693584889,-0.00213059387169778,-0.003195890923962,0.152983739972115,9.830287465344377,-0.44091024639079746
1743278599095889920,0.00426118774339557,-0.00426118774339557,-0.00532648479565978,0.152983739972115,9.834205077583475,-0.439828246831894
1743278599100889856,-0.003195890923962,-0.00213059387169778,-0.003195890923962,0.152983739972115,9.84028697728008,-0.439828246831894
1743278599105890048,0.0,-0.00852237548679113,-0.003195890923962,0.152983739972115,9.846369166991451,-0.439828246831894
1743278599110889984,0.0,-0.012783563695848,-0.00532648479565978,0.152983739972115,9.844206769205924,-0.44394929417410917
1743278599115900160,0.00639178184792399,-0.00852237548679113,-0.003195890923962,0.152983739972115,9.838116186148213,-0.4500401430170765
1743278599120899840,0.003195890923962,-0.00745707890018821,-0.00639178184792399,0.152983739972115,9.832038065975793,-0.4561185284308896
1743278599125900032,-0.00213059387169778,-0.00745707890018821,-0.00426118774339557,0.152983739972115,9.832453388385654,-0.4557031878968891
1743278599130899968,0.00106529693584889,-0.00532648479565978,-0.00213059387169778,0.152983739972115,9.838535288082259,-0.44962102279395844
1743278599135899904,-0.00106529693584889,-0.00213059387169778,-0.00106529693584889,0.152983739972115,9.844617477793632,-0.44353856766360406
1743278599140909824,0.00106529693584889,-0.00426118774339557,-0.00106529693584889,0.152983739972115,9.84832763671875,-0.44459333462947587
1743278599145910016,-0.003195890923962,-0.003195890923962,-0.00532648479565978,0.152983739972115,9.84832763671875,-0.45675068515148165
1743278599150909952,0.00213059387169778,-0.00426118774339557,-0.00426118774339557,0.152983739972115,9.84832763671875,-0.46890745597910816
1743278599155909888,0.00213059387169778,-0.00426118774339557,-0.00106529693584889,0.152983739972115,9.846832380318506,-0.478074163198471
1743278599160909824,-0.00213059387169778,-0.00852237548679113,-0.00639178184792399,0.152983739972115,9.840754260146085,-0.478074163198471
1743278599165920000,0.00532648479565978,-0.00426118774339557,-0.00213059387169778,0.152983739972115,9.834663677088374,-0.478074163198471
1743278599170919936,0.00213059387169778,-0.00852237548679113,-0.003195890923962,0.152983739972115,9.829825854588924,-0.47745379453912384
1743278599175920128,0.00213059387169778,-0.00745707890018821,0.00106529693584889,0.152983739972115,9.835908044300297,-0.47137133940876913
1743278599180919808,-0.00106529693584889,-0.00532648479565978,-0.00532648479565978,0.152983739972115,9.8419899439969,-0.46528917430583816
1743278599185920000,-0.00106529693584889,-0.00532648479565978,-0.003195890923962,0.152983739972115,9.848072133708273,-0.45920671917548345
1743278599190929920,0.003195890923962,-0.00958767253905535,-0.00532648479565978,0.152983739972115,9.842492687726752,-0.458951205015182
1743278599195930112,0.00532648479565978,-0.00213059387169778,-0.00532648479565978,0.152983739972115,9.83641427771979,-0.458951205015182
1743278599200930048,-0.00213059387169778,-0.00639178184792399,-0.00426118774339557,0.152983739972115,9.830335867712828,-0.458951205015182
1743278599205929984,0.0,-0.00532648479565978,-0.00745707890018821,0.152983739972115,9.82920551300049,-0.458951205015182
1743278599210930176,0.0,-0.00426118774339557,-0.00213059387169778,0.152983739972115,9.82920551300049,-0.458951205015182
1743278599215940096,0.003195890923962,-0.00745707890018821,-0.00106529693584889,0.152983739972115,9.82920551300049,-0.458951205015182
1743278599220940032,0.00213059387169778,-0.00426118774339557,-0.00106529693584889,0.152983739972115,9.82920551300049,-0.458951205015182
1743278599225939968,0.00106529693584889,-0.00213059387169778,-0.00213059387169778,0.152983739972115,9.82920551300049,-0.458951205015182
1743278599230940160,0.00106529693584889,-0.00532648479565978,-0.003195890923962,0.152983739972115,9.82920551300049,-0.458951205015182
1743278599235940096,0.0,-0.00852237548679113,-0.003195890923962,0.1497844474610077,9.82920551300049,-0.46215049752628934
1743278599240950016,0.003195890923962,-0.00745707890018821,-0.00532648479565978,0.14368981117885654,9.82920551300049,-0.46824513380844046
1743278599245949952,0.00213059387169778,-0.00213059387169778,0.00213059387169778,0.13760764607592557,9.82920551300049,-0.47432729891137143
1743278599250950144,-0.00106529693584889,-0.00426118774339557,-0.003195890923962,0.13618751527098275,9.82920551300049,-0.4757474297163143
1743278599255950080,0.003195890923962,0.0,-0.00106529693584889,0.14224661471892874,9.82920551300049,-0.46968833026836826
1743278599260950016,0.00106529693584889,-0.00958767253905535,-0.00426118774339557,0.14830600309441505,9.82920551300049,-0.46362894189288195
1743278599266010112,0.0,-0.00426118774339557,-0.003195890923962,0.15152400980958136,9.830665179465045,-0.458951205015182
1743278599271010048,-0.00213059387169778,-0.00532648479565978,-0.00532648479565978,0.1454417524603874,9.836747171403887,-0.458951205015182
1743278599276009984,0.003195890923962,-0.00852237548679113,-0.00213059387169778,0.13935920507937097,9.842829453361897,-0.458951205015182
1743278599281009920,0.00106529693584889,-0.00852237548679113,-0.00106529693584889,0.13444460699278385,9.84832763671875,-0.458951205015182
1743278599286020096,-0.00106529693584889,-0.00106529693584889,-0.00213059387169778,0.14053924327493497,9.84832763671875,-0.458951205015182
1743278599291020032,0.00106529693584889,-0.00639178184792399,-0.003195890923962,0.14662140837786597,9.84832763671875,-0.458951205015182
1743278599296019968,0.003195890923962,-0.0106529695913196,-0.00426118774339557,0.15270386350822066,9.84832763671875,-0.458951205015182
1743278599301019904,-0.00106529693584889,-0.003195890923962,-0.00532648479565978,0.14718505709629834,9.842529206878998,-0.458951205015182
1743278599306020096,-0.00106529693584889,-0.003195890923962,-0.003195890923962,0.14110638183529528,9.836450796872036,-0.458951205015182
1743278599311030016,-0.00106529693584889,0.00106529693584889,-0.00426118774339557,0.13501582283951724,9.830360503648865,-0.458951205015182
1743278599316029952,0.003195890923962,-0.00426118774339557,-0.00426118774339557,0.13878755235726611,9.834132068580343,-0.458951205015182
1743278599321029888,0.003195890923962,-0.00426118774339557,-0.00426118774339557,0.14486980970646005,9.840214060519186,-0.458951205015182
1743278599326030080,0.003195890923962,-0.00852237548679113,0.00106529693584889,0.15095235708747648,9.846296342477196,-0.458951205015182
1743278599331030016,-0.00106529693584889,-0.00106529693584889,-0.00426118774339557,0.152983739972115,9.84832763671875,-0.458951205015182
1743278599336039936,0.003195890923962,-0.00639178184792399,-0.003195890923962,0.152983739972115,9.84832763671875,-0.458951205015182
1743278599341039872,0.00106529693584889,-0.003195890923962,-0.00106529693584889,0.152983739972115,9.84832763671875,-0.458951205015182
1743278599346040064,0.00106529693584889,-0.00639178184792399,-0.003195890923962,0.152983739972115,9.84832763671875,-0.458951205015182
1743278599351040000,0.0,-0.00852237548679113,-0.00426118774339557,0.152983739972115,9.84832763671875,-0.458951205015182
1743278599356039936,0.00213059387169778,-0.00426118774339557,-0.00745707890018821,0.152983739972115,9.84832763671875,-0.458951205015182
1743278599361049856,0.00106529693584889,-0.00213059387169778,-0.00745707890018821,0.152983739972115,9.846017980264063,-0.4566414477700417
1743278599366050048,-0.00745707890018821,-0.00213059387169778,-0.00745707890018821,0.152983739972115,9.839939662386328,-0.4505628646422863
1743278599371049984,0.00106529693584889,-0.00532648479565978,-0.00426118774339557,0.152983739972115,9.833861634338742,-0.44448457135732744
1743278599376049920,0.00213059387169778,-0.00639178184792399,-0.00213059387169778,0.152983739972115,9.830628637050078,-0.4426746191376966
1743278599381050112,-0.00426118774339557,-0.003195890923962,0.0,0.152983739972115,9.836710919008086,-0.4548397138997292
1743278599386060032,-0.00106529693584889,-0.00426118774339557,-0.00106529693584889,0.152983739972115,9.842805091751918,-0.46702859127120494
1743278599391060224,-0.003195890923962,-0.00426118774339557,-0.00106529693584889,0.152983739972115,9.84832763671875,-0.47695537000406246
1743278599396059904,-0.00106529693584889,-0.00745707890018821,-0.00213059387169778,0.152983739972115,9.84832763671875,-0.4647987834341443
1743278599401060096,-0.00106529693584889,-0.003195890923962,-0.003195890923962,0.152983739972115,9.84832763671875,-0.45264161717863327
1743278599406060032,0.00213059387169778,-0.003195890923962,-0.00532648479565978,0.152983739972115,9.84832763671875,-0.4404850306087152
